{
  "Update Task Request" : {
    "transaction" : "Update Task Request",
    "sampleCount" : 841,
    "errorCount" : 61,
    "errorPct" : 7.25327,
    "meanResTime" : 30405.411414982194,
    "minResTime" : 3630.0,
    "maxResTime" : 55228.0,
    "pct1ResTime" : 48652.6,
    "pct2ResTime" : 50564.5,
    "pct3ResTime" : 53246.82000000001,
    "throughput" : 1.5598743197575424,
    "receivedKBytesPerSec" : 0.15363018841371356,
    "sentKBytesPerSec" : 0.6550253491169369
  },
  "Get Task Request" : {
    "transaction" : "Get Task Request",
    "sampleCount" : 719,
    "errorCount" : 39,
    "errorPct" : 5.4242,
    "meanResTime" : 25613.32406119609,
    "minResTime" : 3566.0,
    "maxResTime" : 54881.0,
    "pct1ResTime" : 45937.0,
    "pct2ResTime" : 49741.0,
    "pct3ResTime" : 53173.0,
    "throughput" : 1.5229985490208537,
    "receivedKBytesPerSec" : 883.1951423806383,
    "sentKBytesPerSec" : 0.26176537561295926
  },
  "Add User Request" : {
    "transaction" : "Add User Request",
    "sampleCount" : 1097,
    "errorCount" : 71,
    "errorPct" : 6.472197,
    "meanResTime" : 15943.96991795809,
    "minResTime" : 2667.0,
    "maxResTime" : 52971.0,
    "pct1ResTime" : 34434.4,
    "pct2ResTime" : 38190.6,
    "pct3ResTime" : 48626.88,
    "throughput" : 1.7538810814267671,
    "receivedKBytesPerSec" : 0.167267964490703,
    "sentKBytesPerSec" : 0.5600772594009304
  },
  "Delete User Request" : {
    "transaction" : "Delete User Request",
    "sampleCount" : 1008,
    "errorCount" : 36,
    "errorPct" : 3.5714285,
    "meanResTime" : 11795.116071428569,
    "minResTime" : 2792.0,
    "maxResTime" : 53974.0,
    "pct1ResTime" : 31324.300000000007,
    "pct2ResTime" : 35665.75,
    "pct3ResTime" : 48815.899999999994,
    "throughput" : 1.6681340067652102,
    "receivedKBytesPerSec" : 0.14126078991440882,
    "sentKBytesPerSec" : 0.5506145452017979
  },
  "Get Parent Task Request" : {
    "transaction" : "Get Parent Task Request",
    "sampleCount" : 997,
    "errorCount" : 71,
    "errorPct" : 7.121364,
    "meanResTime" : 18485.917753259786,
    "minResTime" : 3415.0,
    "maxResTime" : 54254.0,
    "pct1ResTime" : 38454.2,
    "pct2ResTime" : 47617.399999999994,
    "pct3ResTime" : 51850.899999999994,
    "throughput" : 1.6735797652959652,
    "receivedKBytesPerSec" : 241.65896230186038,
    "sentKBytesPerSec" : 0.29745265359752504
  },
  "Update Project Request" : {
    "transaction" : "Update Project Request",
    "sampleCount" : 986,
    "errorCount" : 90,
    "errorPct" : 9.1277895,
    "meanResTime" : 26013.25456389453,
    "minResTime" : 4079.0,
    "maxResTime" : 54943.0,
    "pct1ResTime" : 48309.700000000004,
    "pct2ResTime" : 50571.4,
    "pct3ResTime" : 53559.33,
    "throughput" : 1.686441591138827,
    "receivedKBytesPerSec" : 0.17840138250581958,
    "sentKBytesPerSec" : 0.690057643249188
  },
  "Add Project  Request" : {
    "transaction" : "Add Project  Request",
    "sampleCount" : 996,
    "errorCount" : 84,
    "errorPct" : 8.433735,
    "meanResTime" : 22393.428714859467,
    "minResTime" : 3573.0,
    "maxResTime" : 54289.0,
    "pct1ResTime" : 46054.50000000001,
    "pct2ResTime" : 50353.95,
    "pct3ResTime" : 52805.87,
    "throughput" : 1.6785592703323076,
    "receivedKBytesPerSec" : 0.17274988160764182,
    "sentKBytesPerSec" : 0.6474911247863882
  },
  "Add Task Request" : {
    "transaction" : "Add Task Request",
    "sampleCount" : 894,
    "errorCount" : 79,
    "errorPct" : 8.836689,
    "meanResTime" : 31508.866890380345,
    "minResTime" : 4406.0,
    "maxResTime" : 54640.0,
    "pct1ResTime" : 48999.5,
    "pct2ResTime" : 50644.75,
    "pct3ResTime" : 53245.149999999994,
    "throughput" : 1.6026129402928084,
    "receivedKBytesPerSec" : 0.16694059856428106,
    "sentKBytesPerSec" : 0.6291507832008877
  },
  "End Task Request" : {
    "transaction" : "End Task Request",
    "sampleCount" : 788,
    "errorCount" : 70,
    "errorPct" : 8.883248,
    "meanResTime" : 28916.80076142131,
    "minResTime" : 3636.0,
    "maxResTime" : 55219.0,
    "pct1ResTime" : 49067.8,
    "pct2ResTime" : 51438.549999999996,
    "pct3ResTime" : 53874.69,
    "throughput" : 1.554449117435869,
    "receivedKBytesPerSec" : 0.1621927657457016,
    "sentKBytesPerSec" : 0.6497111545532734
  },
  "Add Parent Task Request" : {
    "transaction" : "Add Parent Task Request",
    "sampleCount" : 1000,
    "errorCount" : 46,
    "errorPct" : 4.6,
    "meanResTime" : 14700.172000000002,
    "minResTime" : 2883.0,
    "maxResTime" : 53117.0,
    "pct1ResTime" : 35739.2,
    "pct2ResTime" : 40967.2,
    "pct3ResTime" : 51165.14,
    "throughput" : 1.6763588145461006,
    "receivedKBytesPerSec" : 0.1486491533968897,
    "sentKBytesPerSec" : 0.4370974643396572
  },
  "Total" : {
    "transaction" : "Total",
    "sampleCount" : 13986,
    "errorCount" : 949,
    "errorPct" : 6.785357,
    "meanResTime" : 21963.809380809304,
    "minResTime" : 2667.0,
    "maxResTime" : 60224.0,
    "pct1ResTime" : 43126.40000000002,
    "pct2ResTime" : 49537.65,
    "pct3ResTime" : 53144.11999999998,
    "throughput" : 22.27055878624977,
    "receivedKBytesPerSec" : 2656.5075480585115,
    "sentKBytesPerSec" : 6.850344815180317
  },
  "Get Project Request" : {
    "transaction" : "Get Project Request",
    "sampleCount" : 942,
    "errorCount" : 97,
    "errorPct" : 10.29724,
    "meanResTime" : 35202.97664543524,
    "minResTime" : 7782.0,
    "maxResTime" : 60224.0,
    "pct1ResTime" : 52028.5,
    "pct2ResTime" : 53892.149999999994,
    "pct3ResTime" : 56986.399999999994,
    "throughput" : 1.6386085395510004,
    "receivedKBytesPerSec" : 826.7245500077842,
    "sentKBytesPerSec" : 0.286436453691044
  },
  "Get User Request" : {
    "transaction" : "Get User Request",
    "sampleCount" : 1056,
    "errorCount" : 45,
    "errorPct" : 4.2613635,
    "meanResTime" : 13702.303030303026,
    "minResTime" : 2773.0,
    "maxResTime" : 50542.0,
    "pct1ResTime" : 31386.80000000001,
    "pct2ResTime" : 36911.9,
    "pct3ResTime" : 43326.600000000006,
    "throughput" : 1.7009185926831507,
    "receivedKBytesPerSec" : 398.1453764052511,
    "sentKBytesPerSec" : 0.29234538311741654
  },
  "Update User Request" : {
    "transaction" : "Update User Request",
    "sampleCount" : 1031,
    "errorCount" : 28,
    "errorPct" : 2.7158098,
    "meanResTime" : 11281.063045586803,
    "minResTime" : 2855.0,
    "maxResTime" : 53567.0,
    "pct1ResTime" : 27855.0,
    "pct2ResTime" : 35393.4,
    "pct3ResTime" : 47382.79999999999,
    "throughput" : 1.6856375830147896,
    "receivedKBytesPerSec" : 0.13733454009969948,
    "sentKBytesPerSec" : 0.5481614405702392
  },
  "Suspend Project Request" : {
    "transaction" : "Suspend Project Request",
    "sampleCount" : 973,
    "errorCount" : 99,
    "errorPct" : 10.174717,
    "meanResTime" : 28950.853031860188,
    "minResTime" : 4207.0,
    "maxResTime" : 54844.0,
    "pct1ResTime" : 49077.6,
    "pct2ResTime" : 50878.799999999996,
    "pct3ResTime" : 53045.12,
    "throughput" : 1.6799091157082724,
    "receivedKBytesPerSec" : 0.18435715744011547,
    "sentKBytesPerSec" : 0.6873846869939123
  },
  "Get Task By Project Request" : {
    "transaction" : "Get Task By Project Request",
    "sampleCount" : 658,
    "errorCount" : 33,
    "errorPct" : 5.0151978,
    "meanResTime" : 21807.265957446805,
    "minResTime" : 3428.0,
    "maxResTime" : 53648.0,
    "pct1ResTime" : 38967.6,
    "pct2ResTime" : 46828.7,
    "pct3ResTime" : 51963.64999999999,
    "throughput" : 1.4562548136082365,
    "receivedKBytesPerSec" : 849.8440989174361,
    "sentKBytesPerSec" : 0.3469982173050876
  }
}