{
  "Update Task Request" : {
    "transaction" : "Update Task Request",
    "sampleCount" : 1156,
    "errorCount" : 18,
    "errorPct" : 1.5570934,
    "meanResTime" : 21144.230103806203,
    "minResTime" : 3631.0,
    "maxResTime" : 58528.0,
    "pct1ResTime" : 35823.09999999998,
    "pct2ResTime" : 41377.69999999999,
    "pct3ResTime" : 51055.24000000001,
    "throughput" : 2.0243553058772847,
    "receivedKBytesPerSec" : 0.15604245870735456,
    "sentKBytesPerSec" : 0.8441403472750005
  },
  "Get Task Request" : {
    "transaction" : "Get Task Request",
    "sampleCount" : 1058,
    "errorCount" : 7,
    "errorPct" : 0.6616257,
    "meanResTime" : 15897.969754253312,
    "minResTime" : 3312.0,
    "maxResTime" : 56012.0,
    "pct1ResTime" : 30753.7,
    "pct2ResTime" : 36347.7,
    "pct3ResTime" : 44731.68000000001,
    "throughput" : 1.9281201193320467,
    "receivedKBytesPerSec" : 418.55117507064153,
    "sentKBytesPerSec" : 0.3257468560980899
  },
  "Add User Request" : {
    "transaction" : "Add User Request",
    "sampleCount" : 1518,
    "errorCount" : 13,
    "errorPct" : 0.85639,
    "meanResTime" : 11177.87878787878,
    "minResTime" : 2846.0,
    "maxResTime" : 52533.0,
    "pct1ResTime" : 22602.500000000004,
    "pct2ResTime" : 28462.399999999994,
    "pct3ResTime" : 39567.09999999997,
    "throughput" : 2.379903455563377,
    "receivedKBytesPerSec" : 0.1771846353558332,
    "sentKBytesPerSec" : 0.7530163277368498
  },
  "Delete User Request" : {
    "transaction" : "Delete User Request",
    "sampleCount" : 1491,
    "errorCount" : 13,
    "errorPct" : 0.87189806,
    "meanResTime" : 10460.08718980549,
    "minResTime" : 2773.0,
    "maxResTime" : 54309.0,
    "pct1ResTime" : 21440.799999999996,
    "pct2ResTime" : 28302.999999999996,
    "pct3ResTime" : 42541.31999999996,
    "throughput" : 2.388221311711735,
    "receivedKBytesPerSec" : 0.17800162458314248,
    "sentKBytesPerSec" : 0.7813028705306946
  },
  "Get Parent Task Request" : {
    "transaction" : "Get Parent Task Request",
    "sampleCount" : 1466,
    "errorCount" : 19,
    "errorPct" : 1.2960436,
    "meanResTime" : 12883.899045020447,
    "minResTime" : 3274.0,
    "maxResTime" : 55666.0,
    "pct1ResTime" : 29043.1,
    "pct2ResTime" : 34251.44999999997,
    "pct3ResTime" : 44259.78999999999,
    "throughput" : 2.3902031020466725,
    "receivedKBytesPerSec" : 116.86095325143437,
    "sentKBytesPerSec" : 0.4178187063147992
  },
  "Update Project Request" : {
    "transaction" : "Update Project Request",
    "sampleCount" : 1410,
    "errorCount" : 33,
    "errorPct" : 2.3404255,
    "meanResTime" : 18397.305673758852,
    "minResTime" : 3418.0,
    "maxResTime" : 57868.0,
    "pct1ResTime" : 34892.20000000001,
    "pct2ResTime" : 41086.8,
    "pct3ResTime" : 50104.6100000002,
    "throughput" : 2.3358873472768686,
    "receivedKBytesPerSec" : 0.18702435804514392,
    "sentKBytesPerSec" : 0.948954234831228
  },
  "Add Project  Request" : {
    "transaction" : "Add Project  Request",
    "sampleCount" : 1441,
    "errorCount" : 32,
    "errorPct" : 2.22068,
    "meanResTime" : 16036.522553782108,
    "minResTime" : 3403.0,
    "maxResTime" : 55932.0,
    "pct1ResTime" : 33117.6,
    "pct2ResTime" : 38369.79999999999,
    "pct3ResTime" : 46641.87999999999,
    "throughput" : 2.358718336948071,
    "receivedKBytesPerSec" : 0.18763970874084382,
    "sentKBytesPerSec" : 0.9029468633629333
  },
  "Add Task Request" : {
    "transaction" : "Add Task Request",
    "sampleCount" : 1219,
    "errorCount" : 33,
    "errorPct" : 2.707137,
    "meanResTime" : 22751.360131255133,
    "minResTime" : 4008.0,
    "maxResTime" : 53201.0,
    "pct1ResTime" : 39868.0,
    "pct2ResTime" : 43361.0,
    "pct3ResTime" : 49061.2,
    "throughput" : 2.0690966246057854,
    "receivedKBytesPerSec" : 0.1681807358659823,
    "sentKBytesPerSec" : 0.8062202668141684
  },
  "End Task Request" : {
    "transaction" : "End Task Request",
    "sampleCount" : 1104,
    "errorCount" : 18,
    "errorPct" : 1.6304348,
    "meanResTime" : 19194.710144927543,
    "minResTime" : 3464.0,
    "maxResTime" : 56644.0,
    "pct1ResTime" : 34465.5,
    "pct2ResTime" : 41700.5,
    "pct3ResTime" : 46514.950000000026,
    "throughput" : 1.9720835849049863,
    "receivedKBytesPerSec" : 0.15245716657675587,
    "sentKBytesPerSec" : 0.8184917222506047
  },
  "Add Parent Task Request" : {
    "transaction" : "Add Parent Task Request",
    "sampleCount" : 1483,
    "errorCount" : 18,
    "errorPct" : 1.2137558,
    "meanResTime" : 11636.188806473374,
    "minResTime" : 3389.0,
    "maxResTime" : 58082.0,
    "pct1ResTime" : 25809.0,
    "pct2ResTime" : 32085.799999999967,
    "pct3ResTime" : 42677.640000000014,
    "throughput" : 2.403273508082486,
    "receivedKBytesPerSec" : 0.18226581807316775,
    "sentKBytesPerSec" : 0.6195939513025158
  },
  "Total" : {
    "transaction" : "Total",
    "sampleCount" : 20039,
    "errorCount" : 296,
    "errorPct" : 1.4771196,
    "meanResTime" : 15520.272219172548,
    "minResTime" : 2690.0,
    "maxResTime" : 62513.0,
    "pct1ResTime" : 31458.0,
    "pct2ResTime" : 38160.700000000004,
    "pct3ResTime" : 46187.95000000001,
    "throughput" : 31.174451852981168,
    "receivedKBytesPerSec" : 1423.0119595050264,
    "sentKBytesPerSec" : 9.459066151979926
  },
  "Get Project Request" : {
    "transaction" : "Get Project Request",
    "sampleCount" : 1297,
    "errorCount" : 27,
    "errorPct" : 2.081727,
    "meanResTime" : 24722.418658442555,
    "minResTime" : 4637.0,
    "maxResTime" : 62513.0,
    "pct1ResTime" : 42592.200000000004,
    "pct2ResTime" : 46153.59999999999,
    "pct3ResTime" : 51010.6,
    "throughput" : 2.1698179494300254,
    "receivedKBytesPerSec" : 444.38169696817295,
    "sentKBytesPerSec" : 0.37293746005828565
  },
  "Get User Request" : {
    "transaction" : "Get User Request",
    "sampleCount" : 1509,
    "errorCount" : 9,
    "errorPct" : 0.5964215,
    "meanResTime" : 9607.737574552677,
    "minResTime" : 2690.0,
    "maxResTime" : 56068.0,
    "pct1ResTime" : 19145.0,
    "pct2ResTime" : 24225.5,
    "pct3ResTime" : 40198.4,
    "throughput" : 2.383050494139496,
    "receivedKBytesPerSec" : 182.39717400897712,
    "sentKBytesPerSec" : 0.4026052104356766
  },
  "Update User Request" : {
    "transaction" : "Update User Request",
    "sampleCount" : 1499,
    "errorCount" : 8,
    "errorPct" : 0.53368914,
    "meanResTime" : 9397.4196130754,
    "minResTime" : 2861.0,
    "maxResTime" : 55394.0,
    "pct1ResTime" : 19232.0,
    "pct2ResTime" : 23796.0,
    "pct3ResTime" : 40348.0,
    "throughput" : 2.394419516994948,
    "receivedKBytesPerSec" : 0.17545051855794927,
    "sentKBytesPerSec" : 0.7716391021565749
  },
  "Suspend Project Request" : {
    "transaction" : "Suspend Project Request",
    "sampleCount" : 1359,
    "errorCount" : 45,
    "errorPct" : 3.3112583,
    "meanResTime" : 21176.57027225898,
    "minResTime" : 3889.0,
    "maxResTime" : 59539.0,
    "pct1ResTime" : 37944.0,
    "pct2ResTime" : 41769.0,
    "pct3ResTime" : 49732.00000000009,
    "throughput" : 2.2679445480048264,
    "receivedKBytesPerSec" : 0.18984120372533672,
    "sentKBytesPerSec" : 0.9213524726269606
  },
  "Get Task By Project Request" : {
    "transaction" : "Get Task By Project Request",
    "sampleCount" : 1029,
    "errorCount" : 3,
    "errorPct" : 0.29154518,
    "meanResTime" : 13252.902818270151,
    "minResTime" : 3305.0,
    "maxResTime" : 57151.0,
    "pct1ResTime" : 26435.0,
    "pct2ResTime" : 31224.0,
    "pct3ResTime" : 42531.60000000001,
    "throughput" : 1.9488008908804073,
    "receivedKBytesPerSec" : 437.83705117448864,
    "sentKBytesPerSec" : 0.4586533346700958
  }
}